First name ,Last name ,Social media (Instagram preferred),Work Sample 1 ,Title (Work Sample 1),Year (Work Sample 1),Dimension (Work Sample 1),Medium (Work Sample 1),Work Statement (Work Sample 1) ,Work Sample 2,第 12 列,Title (Work Sample 2),Year (Work Sample 2),Dimension (Work Sample 2),Medium (Work Sample 2),Work Statement (Work Sample 2) ,第 18 列,第 19 列,第 20 列,第 20 列,第 21 列,第 22 列,第 23 列,第 24 列,第 25 列
Ely,Taylor,https://www.instagram.com/elysianecstacy/,https://drive.google.com/open?id=1y-y1SCsL2s3BrW2KzGrcfo-saZ7Lr4EZ,rust I,2026,"7""x10""",Gouache and alcohol marker on cold-pressed watercolor block,"rust I depicts an autonomous war machine that has fallen out of use, outlasting humanity and the war it was originally designed for. The machine has sunk into a pond where it has since rusted over and now feeds the local ecosystem, covered in lichens, barnacles, and mosses, taking on a new life after its first. While mankind is no longer present to witness this new turn of the cycle, its legacy lives on through the machines it created which in turn decay to give life to the local flora.",https://drive.google.com/open?id=1Nr3LJPpFInJCHf49gr3HiWQmnzhJ8K3q,,silent spring I,2026,"7""x10""",Gouache and alcohol marker on cold-pressed watercolor block,"silent spring I depicts an armed cannon riddled with arrows, having fallen in some unnamed battle. The title of the piece references Rachel Carson’s book of the same name which helped to shed light on the potential long-lasting impacts of synthetic pesticide use on the environment and the dangers it posed to life as a whole. In this piece, mankind has already fallen to a war of its own making, its weapons and nature itself outlasting humanity.",,,,,,,,,
Brian,Gray,https://www.instagram.com/bgraydotart/,https://drive.google.com/open?id=1A7oBRrL0dBfV5RAl92-OvqhIB6fYPE5u,MEMO,2024,1.37:1,16mm,This work is a materialist expression of contemporary existential anxiety. Each viewing is singular in that it significantly alters the celluloid and it's manipulations to a substantial degree and is accompanied by an improvised modular synthesizer performance.,https://youtu.be/lf4g04RlZXo?si=KLjK4QIz4NCdHDn4,,In Medias Res,2026,10'x25',performance installation,"In Medias Res is a live stereoscopic projection event that employs shadow-play, live animation, and experimental projection techniques in an attempts to immerse the viewer deeply in impossible spaces and landscapes. Mechanized puppetry, video feedback and expanded cinema performances are displayed in anaglyphic 3D, working from techniques developed by the American Experimental Cinema pioneer Ken Jacobs. ",,,,,,,,,
Ben,Moren,@bmoren,https://drive.google.com/open?id=1-BZfGF68izXSnhAxqmX8BK6l5umg1Xeo,Birch Transducer (veery),2024,"16""x10""x7""","Birch hollow, field recording, audio transducer, custom electronics, brass","A transducer converts energy from one form to another. Here, an audio voice coil excites the birch bark hollow, transforming it into a speaker membrane. Inspired by the haunting, descending call of the Veery, a migratory bird bridging Boreal/Mixed Hardwood and Amazon forests; Field recordings capture a chorus of forest dwellers: Swainson's Thrush, Magnolia Warbler, Cedar Waxwing, Black-and-white Warbler, Ovenbird, Black-throated Green Warbler, White-throated Sparrow, Red-eyed Vireo, Veery, Common Yellowthroat, Canada Warbler, Black-capped Chickadee, American Robin, Downy Woodpecker, Nashville Warbler, Red-winged Blackbird, and Pileated Woodpecker. Once still and quiet, the Birch bark now echoes the intricate harmonies of its environment.",,,,,,,,,,,,,,,,
Johanna,Spieker,@johannaspieker,https://drive.google.com/open?id=1PmnIkMWisr1a2FJfx_rKG7VeZyP33sfp,cambrian_explosion_2.0,2025,3840 x 2160 px,Video/ 3D Animation,"cambrian_explosion_2.0

(The term, referring to the rapid diversification of life forms (c. 538.8 Ma), is now being used to describe the accelerated development of AI.)

With this work, I express my love for technology and CGI, while lamenting the corruption and moral fragility of tech and digital spaces.

Post Production: Richard Lu Jia Wellershoff
Voice: Johanna Kahlcke
Mixing and Mastering: Jonas Meyburg
Song: “Everything Stays” – written and composed by Rebecca Sugar, from Adventure Time

Software: Blender, Substance Painter, Visual Studio Code, Topaz Labs, DaVinci Resolve, Native Instruments, Reaper ",,,,,,,,,,,,,,,,
Tereza,Vinklárková, https://www.instagram.com/glori___23/,https://drive.google.com/open?id=1PmH4a12DyFvdrA8Hcfbk3TN_BYrvi6mS,Scab,2026,21:35 ,Video,"Strup begins with a detective searching for clues in stories that may not belong to the person telling them. Set inside a memory-erasing machine, the experimental video essay explores addiction as a complex mechanism of emotional regulation and escape. Blurring the boundaries between substance use, dissociation, fantasy, and memory manipulation, Strup draws on optogenetic research into the alteration of memory.",,,,,,,,,,,,,,,,
Lucas,Megson,IG @lucasrmegson,https://drive.google.com/open?id=1I-HhrucoueuN6IxP5mWRJBWr-0BAQJbs,Two--Fold,2026,30x40 in.,Oil on linen,"This work is exploring the connection between violence and materialism, specifically in southern culture. Wrestling as a form of entertainment blurs the lines between theater and sport. There is an amalgamation of real and fake violence as well as real and fake personas that are put on display for the audience to take in. Peacocking and flashiness are coupled with this complex display of violence which intertwines these two ideas. This particular subject is only one example of the way that this phenomena can manifest in popular culture and American society. My work is centered around these themes of which I try to explore through my own lens of personal experience. ",https://drive.google.com/open?id=1WMMWm5oYFmaYzErEDz63dYTJsmqzW0iq,,Carolina Bash,2026,12x16 in.,Oil on linen,"This work is exploring the connection between violence and materialism, specifically in southern culture. Wrestling as a form of entertainment blurs the lines between theater and sport. There is an amalgamation of real and fake violence as well as real and fake personas that are put on display for the audience to take in. Peacocking and flashiness are coupled with this complex display of violence which intertwines these two ideas. This particular subject is only one example of the way that this phenomena can manifest in popular culture and American society. My work is centered around these themes of which I try to explore through my own lens of personal experience. ",,,,,,,,,
Víctor Armando ,Mancilla Ríos ,@nefemov_,https://drive.google.com/open?id=1yO_PUAo2aGLOAEadMp2L4AM5FW-llvpH,Snakes and Dungeons https://nefemov.com/serpientesycalabozos/eng/,2025-26,any screen format,Netart,"“Snakes and Dungeons” is an interactive menu featuring projects created in 2026; it consists of a series of links, doors, windows, and interactive spaces hosted on a webpage—designed to be accessed via mobile phone or computer. All these links articulate, in one way or another, one or both of the two core themes of this moment and this generation: war and love. These two themes clash on the game board known as the world, intersecting within my own body to produce the ""body"" of work I present here. I invite you to share a few minutes of *extimacy*.",,,,,,,,,,,,,,,,
Jack,Conti,@j6ck1,https://drive.google.com/open?id=1oACy_PnxPbQ8gHCFBCD99f7AI8RqabfC,Let's get ready,2026,"16""x12""","laser cut, inkjet print on acrylic plexiglass",Exploring human dependencies through automated processes.,,,,,,,,,,,,,,,,
Bianca,Rotunno,https://www.instagram.com/qst.questionreality/,https://drive.google.com/open?id=1RAlKnylC9L5jc-jOJXpUJIb8OATIoNwr,Your,2026,1920x2560 px,animation,"Manipulate your machine. Build your environment. Accept your humanity. Manipulate your environment. Build your humanity. Accept your machine. Manipulate your humanity. Build your machine. Accept your environment. 
The cycle is bend towards one weight. What is simmering in it’s curvature is what I’m afraid of. ",https://drive.google.com/open?id=1lbTJ2Yc6_N0wOXTWm0ePF9dCB0N1-Yhc,,R.E.M,2026,1920x2560px,animation,Thick chrome dreams are flooding the land. Is the curdle of electrified meat swimming in cushioning waters resilient enough? Is it resilient like the hills and ocean depths or is it soft and malleable like light transmitting fibers?,,,,,,,,,
Areesha,Ahmed,@centipede009,https://drive.google.com/open?id=1f0MY5MLOaf6f8URYuWmr80Ff1NCqNp6y,TheToxicSludge_,2026,8 x 11 inches,", Collage made on Instagram Create Mode, Wooden Tray, Hot Glue, Pebbles, Heart-Shaped Bell","I built an account under the handle @thetoxicsludge_ to hold everything at once — memes, ideas, the smallest parts of an ordinary day — and watched it become something closer to an environment than a profile: its own weather, its own residents, its own rules for what got to survive. The platform is a kind of machine, and like any machine, it doesn't just hold what you put in — it reshapes you. What felt private got pulled outward, sorted, made visible or invisible by an algorithm deciding what was worth seeing. A playground started to function like a battlefield.

Turning the account into a physical object — mounting the collage on wood, packing it with hot glue — was an attempt to pull something back from that cycle. Glue and wood don't scroll away, and take real time and real pain to shape by hand. If the platform extracted a version of me and resold it as image, this object is the regeneration side of that same loop: something organic pushing back against something built to consume it. It doesn't undo the extraction. It just insists something human survives it.",,,,,,,,,,,,,,,,